# Additional file 5a. TCGA-LUAD expression-survival analysis (Cox and log-rank) for all evaluable candidate genes; n = 563, 208 deaths.
# source: results\m2_tcga_survival_proper.csv
gene,tcga_symbol,n,events,HR_per_SD_cox,se,p_cox,logrank_chi2,p_logrank,fdr_cox,fdr_logrank
MAP4K4,MAP4K4,563,208,1.2564766388181976,0.06936762270672461,0.0009971615307160294,4.7241171608336385,0.02974244793260529,0.01794890755288853,0.16739156271671068
JAML,AMICA1,563,208,0.8543797314681311,0.06618454143678458,0.017412037560445737,11.545272452277871,0.0006792174608857995,0.11227752163655592,0.012225914295944391
RPS6KA2,RPS6KA2,563,208,0.8587623465434574,0.06651160038883573,0.022063628797225458,1.371912737635309,0.24148352062003942,0.11227752163655592,0.62095762445153
CMIP,CMIP,563,208,1.1524936136166675,0.06465520046600418,0.028152738362414546,0.029399564373803165,0.8638597121073686,0.11227752163655592,0.9157134964048292
NUMBL,NUMBL,563,208,1.1604047245229552,0.0690450579711993,0.031188200454598868,4.341317643291909,0.03719812504815793,0.11227752163655592,0.16739156271671068
GALK2,GALK2,563,208,1.157670344166184,0.07304578524688765,0.045032080037385326,0.3038521904850166,0.5814774611029635,0.12003737625231388,0.8781655244940608
FUBP1,FUBP1,563,208,1.1522299911488976,0.07123493055030883,0.04668120187589984,4.87148836439148,0.02730394165874904,0.12003737625231388,0.16739156271671068
RNASET2,RNASET2,563,208,1.1192347563064675,0.07396268834020821,0.1277586237603054,0.2975163006554303,0.5854436829960405,0.28745690346068714,0.8781655244940608
IREB2,IREB2,563,208,1.0910057218604925,0.06902785103919658,0.2070175867825279,1.7796281470876691,0.18219499446164586,0.4140351735650558,0.5465849833849376
DNAJA4,DNAJA4,563,208,0.9376479474291086,0.06818068931772224,0.3450336142394018,0.1340369489345677,0.7142825710867069,0.5963565649094191,0.9157134964048292
SECISBP2L,SECISBP2L,563,208,0.9401706079145541,0.06802448639831342,0.36444012300020057,0.13313674105967874,0.7152016730358975,0.5963565649094191,0.9157134964048292
RAB4B,RAB4B,563,208,0.9569356755813663,0.06838518931625615,0.5197741812771384,0.011200985956047,0.9157134964048292,0.7261118039918659,0.9157134964048292
PARVA,PARVA,563,208,0.959349076598711,0.06519500004532695,0.5244140806607921,2.8228461740045665,0.09293148342773003,0.7261118039918659,0.3345533403398281
HYKK,AGPHD1,563,208,0.9690493565986226,0.06907838620912997,0.6490148117595443,0.8605937640745794,0.35357258427656924,0.8203817633984662,0.7071451685531385
HLA-C,HLA-C,563,208,0.9728639039928885,0.06751425927975575,0.6836514694987219,0.02427680256082124,0.87618267051377,0.8203817633984662,0.9157134964048292
EID1,EID1,563,208,0.9785545989395453,0.06788677403458122,0.749471689402989,0.9122285216119183,0.33952381700958867,0.8431556505783626,0.7071451685531385
RAB31,RAB31,563,208,1.014160393670519,0.06687617590739978,0.8334684046083116,0.08126403709236961,0.7755916794864329,0.8824959578205652,0.9157134964048292
STMN3,STMN3,563,208,1.0013369440284436,0.06901028332383044,0.9845537807431605,0.375443320158524,0.5400520401266011,0.9845537807431605,0.8781655244940608
