# Additional file 7b. Paired randomized-network control: real versus 5 freshly seeded randomized replicates per TF, with degenerate-control flag and global noise ceiling (9.59e-03).
# source: D:\workbuddy工作空间\JAML深度研究\results\m4_noise_control_classify.csv
TF,jaml_real,jaml_real_signed_all,allgenes_real,jaml_rand_mean,jaml_rand_max,jaml_rand_sd,snr_vs_randmax,n_rand,jaml_rand_values,degenerate_control,passes_paired,global_noise_ceiling,passes_global_ceiling
ID2,0.017529747140625,-0.017529747140625,0.0034057017027044,0.0006764518483709,0.002676134225869,0.0011527001419926,6.55039906861642,5,0.000043;0.000663;0.000000;0.000000;0.002676,False,True,0.0095944999121993,True
STAT1,0.0032954134321036,0.0030529946611731,0.0031246715913154,0.0019533822221265,0.0095944999121993,0.0042718664438168,0.3434690147751805,5,0.000038;0.000134;0.000000;0.000000;0.009594,False,False,0.0095944999121993,False
GATA3,0.0022661297957741,0.0022646485256493,0.0011865671867364,0.0001465773048779,0.0004094546913356,0.0002022683423874,5.534506854426592,5,0.000322;0.000000;0.000002;0.000000;0.000409,False,True,0.0095944999121993,False
MAF,0.0019105601812773,-0.0018973952084943,0.0012402588022551,0.0004782603520119,0.0020311784906702,0.0008748364068593,0.9406165878838492,5,0.000095;0.000265;0.000000;0.000000;0.002031,False,False,0.0095944999121993,False
IRF1,0.0016193647029879,-0.0014751666346511,0.0059989328429365,0.0015167016834068,0.0071357477724271,0.0031453893628481,0.2269369314376908,5,0.000056;0.000392;0.000000;0.000000;0.007136,False,False,0.0095944999121993,False
STAT3,0.0009878481538102,-0.0004724674534377,0.0047198645213409,0.0015551484995759,0.0058876950064408,0.0025030691526781,0.1677818149088266,5,0.000350;0.001538;0.000000;0.000000;0.005888,False,False,0.0095944999121993,False
IRF4,0.0008101980740202,-0.0008032919153708,0.0002179036721843,2.2655183780566484e-06,9.810219314271233e-06,4.2682968936967e-06,82.5871520366128,5,0.000000;0.000000;0.000002;0.000000;0.000010,True,True,0.0095944999121993,False
BATF,0.0004889313505955,-0.0004745316839274,0.0047443921382474,0.0003310831391766,0.0016101038595636,0.0007152634787015,0.3036644795870992,5,0.000045;0.000000;0.000000;0.000000;0.001610,False,False,0.0095944999121993,False
NFKB1,0.0003525887522863,-0.0002214126572185,0.0013736362872736,0.0001691725652977,0.0008311848541303,0.0003701306932561,0.4242001650225758,5,0.000015;0.000000;0.000000;0.000000;0.000831,False,False,0.0095944999121993,False
