# Additional file 7a. Perturbation effect on JAML for all candidate TFs across three network configurations, with paired noise calibration.
# source: D:\workbuddy工作空间\JAML深度研究\results\m4_round_compare.csv
,absJAML_A_bag3_ext3013,signed_A_bag3_ext3013,rank_A_bag3_ext3013,absJAML_B_bag20_ext3013,signed_B_bag20_ext3013,rank_B_bag20_ext3013,absJAML_C_bag20_ext3074,signed_C_bag20_ext3074,rank_C_bag20_ext3074,pos_pct_ext2,paired_SNR,paired_rand_max,is_new_tf
ID2,0.017675875624039,-0.017675875624039,1.0,0.0180905145725117,-0.0180905145725117,1.0,0.017529747140625,-0.017529747140625,1.0,48.627726952850104,6.550399068616416,0.002676134225869,False
STAT1,0.0018343167966641,0.0014809494632116,2.0,0.0029232522364344,0.0023992801875896,6.0,0.0032954134321036,0.0030529946611731,2.0,20.232230823363828,0.3434690147751805,0.0095944999121993,False
GATA3,0.0010126047257852,-0.0010080561357946,6.0,0.0056989497450842,0.0056572177468647,2.0,0.0022661297957741,0.0022646485256493,3.0,23.715693173821254,5.534506854426571,0.0004094546913356,False
MAF,0.0001081526614421,8.26489799550304e-05,16.0,0.0031745127828627,-0.0031327082432591,4.0,0.0019105601812773,-0.0018973952084943,4.0,19.774806474313863,0.940616587883854,0.0020311784906702,False
FLI1,,,,,,,0.0016899617682688,-0.0013597951400349,5.0,9.500351864883886,,,True
IRF1,0.0006357547716769,-0.0004886954923926,9.0,0.0029493691717373,-0.0029407057378561,5.0,0.0016193647029879,-0.0014751666346511,6.0,39.303307529908516,0.2269369314376903,0.0071357477724271,False
HES1,,,,,,,0.0011413547417781,-0.0011398257524369,7.0,2.1463757916959887,,,True
STAT3,0.0011270711228018,0.0010290332095412,5.0,0.0043929615827751,-0.0041524220950049,3.0,0.0009878481538102,-0.0004724674534377,8.0,41.37931034482759,,,False
TCF12,,,,,,,0.0008610584939775,0.0002492079844478,9.0,2.674173117522871,,,True
IRF4,,,,0.0007791036508108,-0.0007045855700912,12.0,0.0008101980740202,-0.0008032919153708,10.0,3.729767769176636,,,False
ZEB1,,,,,,,0.0007850179021804,-0.0007225421618054,11.0,6.8613652357494725,,,True
MAFG,,,,,,,0.0005971226199624,-0.0005971226199624,12.0,3.553835327234342,,,True
SP2,,,,,,,0.0005117512468064,0.0005117512468064,13.0,3.553835327234342,,,True
BATF,0.0013581022744237,-0.0012017979580838,4.0,0.0007518243400476,-0.0006902077182427,13.0,0.0004889313505955,-0.0004745316839274,14.0,29.239971850809287,,,False
NFKB1,0.0016549581151779,-0.001648188538994,3.0,0.0003772265261177,-0.000188666301271,17.0,0.0003525887522863,-0.0002214126572185,15.0,14.496833216045038,,,False
FOXO3,,,,,,,0.0001901097662056,-1.3994883351262045e-05,16.0,4.890921885995778,,,True
SP3,,,,,,,0.0001897369573777,-0.0001410470929002,17.0,8.620689655172415,,,True
ATF3,,,,,,,0.0001882638612979,-0.000140989388855,18.0,4.1168191414496835,,,True
CREB1,,,,,,,0.0001129453750645,-2.700835818249558e-05,19.0,9.535538353272344,,,True
STAT2,,,,,,,8.047071395099454e-05,5.8185547396479896e-05,20.0,4.257565095003519,,,True
EGR2,,,,,,,5.898652234916963e-05,-5.839713666745856e-05,21.0,2.3926812104152004,,,True
KLF10,,,,,,,4.797892868135674e-05,-4.296805053801432e-05,22.0,5.700211118930331,,,True
GABPA,,,,,,,4.737266054737939e-05,-4.482147027978975e-05,23.0,2.4278676988036594,,,True
SP4,,,,,,,3.89019749089034e-05,-2.39537409967616e-05,24.0,2.674173117522871,,,True
SMAD4,,,,,,,3.459669324313388e-05,1.5543193533099062e-05,25.0,2.251935256861365,,,True
ATF2,,,,,,,2.9037676849778285e-05,2.708908008191161e-05,26.0,4.679802955665025,,,True
KLF4,,,,,,,2.8102550041178186e-05,-2.7551266349847245e-05,27.0,2.1463757916959887,,,True
RUNX1,,,,,,,2.783451106616144e-05,-1.9056461485564496e-05,28.0,9.64109781843772,,,True
SMAD2,,,,,,,2.480485054462966e-05,-1.97451117042525e-05,29.0,8.198451794510909,,,True
IRF8,,,,,,,2.3832315967673742e-05,2.3318492591360672e-05,30.0,1.6185784658691063,,,True
TCF7L2,,,,,,,2.3328413006897776e-05,1.4704128312501078e-05,31.0,0.633356790992259,,,True
ZBTB7B,,,,,,,1.7837247459289922e-05,-1.5512524730137162e-05,32.0,4.2223786066150595,,,True
FOXO4,,,,,,,1.241443062997232e-05,3.1299544009443226e-06,33.0,0.844475721323012,,,True
TCF7,0.0,0.0,22.5,8.198589521621976e-06,-7.99089583263641e-06,31.0,1.233311215523827e-05,-1.233311215523827e-05,34.0,25.615763546798032,,,False
ID1,,,,,,,8.449210455209524e-06,-8.449210455209524e-06,35.0,3.976073187895848,,,True
SPI1,,,,,,,8.34459947403312e-06,-8.34459947403312e-06,36.0,1.6537649542575652,,,True
BCL6,,,,,,,6.8406797302737165e-06,-6.8406797302737165e-06,37.0,2.0760028149190712,,,True
ETS2,,,,,,,5.687433698617576e-06,-5.166232349637112e-06,38.0,1.935256861365236,,,True
SMAD3,,,,,,,5.255624725479131e-06,4.938980654142685e-06,39.0,4.679802955665025,,,True
STAT5A,,,,,,,4.694974396360224e-06,-4.694974396360224e-06,40.0,8.444757213230119,,,True
NFIL3,,,,,,,3.81419752591348e-06,-3.81419752591348e-06,41.0,1.477832512315271,,,True
ATF6,,,,,,,3.60064010540063e-06,-3.60064010540063e-06,42.0,6.826178747361013,,,True
IRF5,,,,,,,3.280002361912062e-06,-3.280002361912062e-06,43.0,1.3019000703729768,,,True
ETV6,,,,,,,2.429365577709013e-06,-2.0640315678211002e-07,44.0,4.82054890921886,,,True
EOMES,,,,,,,2.0893271979631268e-06,2.0893271979631268e-06,45.0,1.1259676284306825,,,True
EGR3,,,,,,,1.772796178470218e-06,1.3343505331760906e-06,46.0,0.5981703026038001,,,True
IKZF4,,,,,,,1.63325752164746e-06,-1.5518282433641587e-06,47.0,3.5186488388458828,,,True
MYB,,,,,,,1.507755394517113e-06,-9.661584602417617e-07,48.0,0.9500351864883884,,,True
JDP2,,,,,,,3.966529279078059e-07,-3.962714291697401e-07,49.0,0.28149190710767064,,,True
BHLHE41,,,,,,,3.951847922618221e-07,-3.6891519270322076e-07,50.0,0.17593244194229415,,,True
NR2F6,,,,,,,2.635973987616645e-07,2.635973987616645e-07,51.0,0.9852216748768473,,,True
CEBPA,,,,,,,1.4972768162670534e-07,-1.4972768162670534e-07,52.0,1.5833919774806475,,,True
TWIST1,,,,,,,1.238367575694648e-07,-1.2192415287801286e-07,53.0,0.17593244194229415,,,True
HEY1,,,,,,,1.171210843707507e-07,1.171210843707507e-07,54.0,0.07037297677691766,,,True
ID4,,,,,,,8.53838892865175e-08,-8.53838892865175e-08,55.0,0.24630541871921183,,,True
NR1H3,,,,,,,6.067972592075465e-08,-6.067972592075465e-08,56.0,0.4574243490499648,,,True
SNAI1,,,,,,,3.616798740396673e-09,-3.616798740396673e-09,57.0,0.422237860661506,,,True
NR2F1,,,,,,,2.9589013628424146e-10,-2.9589013628424146e-10,58.0,0.1055594651653765,,,True
NR2F2,,,,,,,1.2334397592795498e-10,-1.2334397592795498e-10,59.0,0.211118930330753,,,True
ELF4,,,,,,,0.0,0.0,65.0,1.1259676284306825,,,True
ETV5,,,,,,,0.0,0.0,65.0,0.211118930330753,,,True
GFI1,,,,,,,0.0,0.0,65.0,3.553835327234342,,,True
IRF6,,,,,,,0.0,0.0,65.0,0.14074595355383532,,,True
RUNX2,,,,,,,0.0,0.0,65.0,3.976073187895848,,,True
RORB,,,,,,,0.0,0.0,65.0,0.07037297677691766,,,True
RORC,,,,,,,0.0,0.0,65.0,1.0555946516537649,,,True
SNAI2,,,,,,,0.0,0.0,65.0,0.03518648838845883,,,True
STAT6,,,,,,,0.0,0.0,65.0,4.926108374384237,,,True
TCF4,,,,,,,0.0,0.0,65.0,0.38705137227304715,,,True
TCF3,,,,,,,0.0,0.0,65.0,1.7945109078114005,,,True
BACH2,,,,0.000385613484869,0.0002672024635245,16.0,,,,,,,False
CEBPD,,,,4.535593956739423e-05,-4.26151595788144e-05,25.0,,,,,,,False
ETS1,0.0006773840338779,-0.0003310429327801,8.0,0.0012432314041067,-0.0011455886680022,11.0,,,,,,,False
FOS,0.0005939932805766,-0.0003317845853508,10.0,0.0015979226990419,-0.0001258763844465,10.0,,,,,,,False
FOXO1,,,,7.959192284316921e-05,-7.455538474600191e-05,21.0,,,,,,,False
FOXP3,7.052320623909658e-05,-6.747255210707073e-05,17.0,5.557730621457827e-05,4.0382335102176506e-06,24.0,,,,,,,False
HIF1A,3.8768621874096557e-07,-3.8768621874096557e-07,20.0,1.2264411984023358e-05,-1.2264411984023358e-05,29.0,,,,,,,False
IKZF2,,,,7.519788115633207e-06,-7.461174439760087e-06,32.0,,,,,,,False
IKZF3,0.0,0.0,22.5,2.506447460638887e-05,-2.4876662273727534e-05,27.0,,,,,,,False
JUN,0.0001308455552899,0.0001029430619055,14.0,0.001785630039347,-0.000653029770663,7.0,,,,,,,False
JUNB,0.0009435575928693,-8.539319300545545e-05,7.0,0.0017823190253232,-0.0006488285408291,8.0,,,,,,,False
KLF2,0.000320141675425,-0.0002942215331022,12.0,0.0016928570211779,0.000694270765525,9.0,,,,,,,False
LEF1,0.0,0.0,22.5,1.5136893914823028e-06,1.5136893914823028e-06,34.0,,,,,,,False
NR4A1,9.980334498151128e-06,4.855099786013759e-06,19.0,1.1364821638019306e-05,-9.628798967059457e-06,30.0,,,,,,,False
NR4A2,1.9734797488049167e-05,-3.002899264272664e-06,18.0,0.0002311871062374,-6.333556783900707e-05,19.0,,,,,,,False
NR4A3,,,,1.802372896586485e-05,-1.798841194705576e-05,28.0,,,,,,,False
POU2F2,0.0002281379445182,-1.685176298091796e-07,13.0,0.0004689922535701,6.482643681440541e-05,15.0,,,,,,,False
PRDM1,0.0004321617645748,-0.0004153193932263,11.0,0.000569523300595,-0.0005250864008763,14.0,,,,,,,False
RELA,,,,5.882853801247807e-05,-2.065117919531182e-05,23.0,,,,,,,False
RFX5,,,,0.0001143860838467,0.0001143860838467,20.0,,,,,,,False
RUNX3,0.0,0.0,22.5,2.387056605156172e-06,-2.387056605156172e-06,33.0,,,,,,,False
SP1,,,,7.041394268532465e-05,4.4286332062979865e-05,22.0,,,,,,,False
TBX21,,,,2.579869586689991e-05,1.0510962316307616e-05,26.0,,,,,,,False
XBP1,0.0001172985801155,-0.0001172985801155,15.0,0.0002894822128429,-0.0002360730110275,18.0,,,,,,,False
