compartment,n_cells,pct_positive,mean_expr,dataset,gene
Myeloid/DC,42245,2.77665995975855,,GSE131907,CXADR
Myeloid/DC,22813,0.5303993337132337,0.004456600258193551,GSE127465,CXADR
Mast,3396,1.29564193168433,,GSE131907,CXADR
Mast,732,1.092896174863388,0.0169531256031223,GSE127465,CXADR
B lineage,27657,0.26033192320208,,GSE131907,CXADR
B lineage,7572,0.184891706286318,0.002679375518357877,GSE127465,CXADR
T cells,79676,0.38280034138259,,GSE131907,CXADR
T cells,14729,0.21725846968565413,0.00379969423221238,GSE127465,CXADR
NK cells,11551,0.19911695957058997,,GSE131907,CXADR
NK cells,2622,0.19069412662090002,0.0033834290507045164,GSE127465,CXADR
Fibroblasts,4172,2.4209012464046,,GSE131907,CXADR
Fibroblasts,585,0.5128205128205128,0.0029863623876774,GSE127465,CXADR
Endothelial,1996,2.45490981963927,,GSE131907,CXADR
Endothelial,535,0.7476635514018691,0.0065807651153131,GSE127465,CXADR
Epithelial,36467,40.48591877587956,,GSE131907,CXADR
Epithelial,587,19.250425894378193,0.1888969622639995,GSE127465,CXADR
Myeloid/DC,42245,46.99727778435317,,GSE131907,JAML
Myeloid/DC,22813,30.096874589050103,0.9705040276307448,GSE127465,JAML
Mast,3396,1.26619552414605,,GSE131907,JAML
Mast,732,1.2295081967213115,0.018042592356492,GSE127465,JAML
B lineage,27657,1.862096395126,,GSE131907,JAML
B lineage,7572,0.7263602746962493,0.010391888806281654,GSE127465,JAML
T cells,79676,16.90471409207289,,GSE131907,JAML
T cells,14729,7.475049222622038,0.17293141757900019,GSE127465,JAML
NK cells,11551,1.3765041987706599,,GSE131907,JAML
NK cells,2622,3.7757437070938216,0.07916899216375099,GSE127465,JAML
Fibroblasts,4172,1.86960690316395,,GSE131907,JAML
Fibroblasts,585,0.5128205128205128,0.0055226625284798,GSE127465,JAML
Endothelial,1996,3.7074148296593097,,GSE131907,JAML
Endothelial,535,0.7476635514018691,0.0085286014283404,GSE127465,JAML
Epithelial,36467,1.71936271149258,,GSE131907,JAML
Epithelial,587,1.5332197614991485,0.0074458563819014,GSE127465,JAML
