gene,JAML,CD3D,CD3E,CD8A,CD4,LYZ,ITGAX,CLEC10A,FCER1A,CD68,PTPRC,MS4A1,CD79A,EPCAM,KRT18,COL1A1
JAML,1,0.72199653030477,0.751686685557034,0.62279777546687,0.94534492284746,0.954340658553457,0.858407893799772,0.972563365115689,0.632646089646468,0.855186771120058,0.908730432449171,0.700080652162778,0.52265705548695,-0.881589715157251,-0.861074231632825,0.17175186718455
CD3D,0.72199653030477,1,0.990719077388418,0.972632217239039,0.753464340615692,0.80275976611136,0.811347867000841,0.843058046651639,0.0169896047271267,0.678511858872289,0.898101032898001,0.85471834605426,0.820195920196744,-0.738458223456396,-0.463286494706679,0.219335321303416
CD3E,0.751686685557034,0.990719077388418,1,0.965033470443916,0.781450407067993,0.818061901457718,0.833214288272614,0.861773153103959,0.0457466684323952,0.68831238888859,0.922409117031951,0.893178529891332,0.846048652344945,-0.780324347718639,-0.513434324490432,0.228619415146365
CD8A,0.62279777546687,0.972632217239039,0.965033470443916,1,0.678302976979547,0.742393280387675,0.757879307140263,0.765673136782877,-0.140195237966418,0.64438262989865,0.850063475071271,0.790796907177256,0.77872604162412,-0.700571795246324,-0.340973238037511,0.196616467111262
CD4,0.94534492284746,0.753464340615692,0.781450407067993,0.678302976979547,1,0.946366475398032,0.944276472518068,0.94320998811079,0.458874728454091,0.937575955094317,0.946665374938667,0.66832965066386,0.589671839126625,-0.954339688846954,-0.745542922969473,0.427087632445497
LYZ,0.954340658553457,0.80275976611136,0.818061901457718,0.742393280387675,0.946366475398032,1,0.90030938494051,0.973055861363493,0.442059159914399,0.922077288421342,0.952156908507635,0.6939253750053,0.545936258670614,-0.898088172100413,-0.781501954172616,0.160993558595414
ITGAX,0.858407893799772,0.811347867000841,0.833214288272614,0.757879307140263,0.944276472518068,0.90030938494051,1,0.884236141890325,0.219532527606267,0.928912098731314,0.929620317871405,0.70980939196437,0.678814595587074,-0.942721818189257,-0.584598637839161,0.461688260634546
CLEC10A,0.972563365115689,0.843058046651639,0.861773153103959,0.765673136782877,0.94320998811079,0.973055861363493,0.884236141890325,1,0.489262766645308,0.858850477350715,0.959653658284085,0.773231245327447,0.614797828353068,-0.883219793644219,-0.79911961890446,0.164504850982779
FCER1A,0.632646089646468,0.0169896047271267,0.0457466684323952,-0.140195237966418,0.458874728454091,0.442059159914399,0.219532527606267,0.489262766645308,1,0.313381419470891,0.291415655348816,0.156568004270812,-0.0836435422843159,-0.332135942559895,-0.770779210229784,-0.105133829887793
CD68,0.855186771120058,0.678511858872289,0.68831238888859,0.64438262989865,0.937575955094317,0.922077288421342,0.928912098731314,0.858850477350715,0.313381419470891,1,0.87425052046666,0.502644637515789,0.443407535672065,-0.910312720891152,-0.60089664109243,0.372943559232543
PTPRC,0.908730432449171,0.898101032898001,0.922409117031951,0.850063475071271,0.946665374938667,0.952156908507635,0.929620317871405,0.959653658284085,0.291415655348816,0.87425052046666,1,0.82188466122529,0.74040278837709,-0.924590391374215,-0.701054403794247,0.301030749871409
MS4A1,0.700080652162778,0.85471834605426,0.893178529891332,0.790796907177256,0.66832965066386,0.6939253750053,0.70980939196437,0.773231245327447,0.156568004270812,0.502644637515789,0.82188466122529,1,0.915597582462943,-0.666929562370699,-0.58703052576751,0.102970775314178
CD79A,0.52265705548695,0.820195920196744,0.846048652344945,0.77872604162412,0.589671839126625,0.545936258670614,0.678814595587074,0.614797828353068,-0.0836435422843159,0.443407535672065,0.74040278837709,0.915597582462943,1,-0.611439286553088,-0.360322591160681,0.35242593153069
EPCAM,-0.881589715157251,-0.738458223456396,-0.780324347718639,-0.700571795246324,-0.954339688846954,-0.898088172100413,-0.942721818189257,-0.883219793644219,-0.332135942559895,-0.910312720891152,-0.924590391374215,-0.666929562370699,-0.611439286553088,1,0.675668029876194,-0.448357701257776
KRT18,-0.861074231632825,-0.463286494706679,-0.513434324490432,-0.340973238037511,-0.745542922969473,-0.781501954172616,-0.584598637839161,-0.79911961890446,-0.770779210229784,-0.60089664109243,-0.701054403794247,-0.58703052576751,-0.360322591160681,0.675668029876194,1,0.062214116294385
COL1A1,0.17175186718455,0.219335321303416,0.228619415146365,0.196616467111262,0.427087632445497,0.160993558595414,0.461688260634546,0.164504850982779,-0.105133829887793,0.372943559232543,0.301030749871409,0.102970775314178,0.35242593153069,-0.448357701257776,0.062214116294385,1
