method,population,n,rho_raw,p_raw,rho_p_mc,p_p_mc,rho_p_epic,p_p_epic,rho_p_pur,p_p_pur,fdr_raw,fdr_p_mc,fdr_p_epic,fdr_p_pur
MCPcounter,Myeloid dendritic cells,514,0.757035394445136,1.07194183712862e-96,0.658114120484325,4.1933564764181e-65,0.749909549318454,6.25580069349864e-94,0.73792172065573,1.6953582023373e-30,4.18057316480161e-95,1.63540902580306e-63,2.43976227046447e-92,6.61189698911548e-29
MCPcounter,T cells,514,0.679611857248697,6.61465252993753e-71,0.0950575549789779,0.0311823305688772,0.635194493107066,2.01572399471369e-59,0.473424024938026,7.03411038970408e-11,1.28985724333782e-69,0.0467734958533158,3.93066178969169e-58,5.48660610396918e-10
MCPcounter,Monocytic lineage,514,0.677369586006374,2.81059458243912e-70,0.292610515846876,1.31987707674738e-11,0.621810476609357,2.5454303245184e-56,0.556479488888077,3.29963380257712e-15,3.65377295717086e-69,4.28960049942898e-11,3.30905942187392e-55,4.28952394335025e-14
EPIC,Macrophages,514,0.617775631228156,2.04875095162086e-55,0.302689679860226,2.36840313420721e-12,0.578332657825477,3.26879978159414e-47,0.574386511024148,2.62444482376318e-16,1.99753217783033e-54,8.39706565764374e-12,3.18707978705429e-46,5.11766740633819e-15
MCPcounter,B lineage,514,0.507617715833588,5.14197316119436e-35,-0.00358995042352958,0.935289330888227,0.445307367621264,2.10044242264004e-26,0.279726882906253,0.000220484999627712,4.0107390657316e-34,0.959902208016864,1.63834508965923e-25,0.000716576248790064
MCPcounter,Cytotoxic lymphocytes,514,0.460681519127433,2.28678146732063e-28,-0.365972202171409,9.79904700820507e-18,0.410810894807509,2.39113180283794e-22,0.205253980673474,0.00725103538334918,1.48640795375841e-27,5.45946904742854e-17,1.16806617902865e-21,0.0176743987469136
CIBERSORT,Plasma cells,514,-0.450328534244353,4.92171654383272e-27,-0.421920664007628,1.32716228739471e-23,-0.441304830174695,6.56450981994124e-26,-0.434981956488209,3.07727242536554e-09,2.74209921727823e-26,1.29398323020984e-22,4.2669313829618e-25,2.0002270764876e-08
MCPcounter,Endothelial cells,514,0.41412224571404,1.02147640755927e-22,0.285272660204299,4.42077038265679e-11,0.280496709434355,9.52923945932038e-11,0.147367273507259,0.055143760203351,4.97969748685142e-22,1.32623111479704e-10,2.32275211820934e-10,0.0977548476332131
CIBERSORT,B cells memory,514,0.406535618458917,7.07045335193964e-22,0.177833956035958,5.02805259632774e-05,0.368485638508135,5.6371665965985e-18,0.330609680244645,1.06625658576843e-05,3.06386311917384e-21,9.80470256283909e-05,2.19849497267342e-17,5.19800085562111e-05
MCPcounter,CD8 T cells,514,0.372394340172272,2.36280761757125e-18,-0.379146896169983,5.11484316505528e-19,0.346982198859394,5.47340726912568e-16,0.14983666920916,0.0511473307226899,9.21494970852788e-18,3.32464805728593e-18,1.6420221807377e-15,0.094987899913567
CIBERSORT,Dendritic cells resting,514,0.356835323381297,7.02170344209925e-17,0.445954182183176,1.74468721803893e-26,0.41080287763383,2.39603318775107e-22,0.477907622495579,4.38734320214113e-11,2.48951303856246e-16,2.2680933834506e-25,1.16806617902865e-21,4.2776596220876e-10
EPIC,otherCells,514,-0.351607567527062,2.10623831747614e-16,-0.14032579985202,0.00142541212326156,-0.0157321619356619,0.721970550424178,-0.0190007719315197,0.805733206082487,6.84527453179746e-16,0.00264719394320005,0.741881962354476,0.872877639922694
EPIC,Endothelial,514,0.344674414510966,8.76272829997418e-16,0.189233612711135,1.56837489530631e-05,0.21370832099614,1.00881848888485e-06,0.133784351581978,0.0819833467337787,2.62881848999226e-15,3.219295837734e-05,1.87352005078616e-06,0.13322293844239
EPIC,Bcells,514,0.342886470834418,1.25840839001325e-15,-0.132045508571079,0.00270392521483909,0.308583059991429,8.40635374900358e-13,0.183862496142007,0.0163912874825064,3.50556622932264e-15,0.0047933219717602,2.18565197474093e-12,0.0355144562120972
EPIC,CD4_Tcells,514,0.333043722924137,8.85429477059278e-15,0.113831358636087,0.00979872497756405,0.358191228025077,5.26328592842976e-17,0.294914190775004,9.46034649953797e-05,2.30211664035412e-14,0.0166152293097825,1.71056792673967e-16,0.000368953513481981
MCPcounter,NK cells,514,0.323791896977752,5.2036978791475e-14,-0.464529817671017,7.11278551276088e-29,0.255692895033248,4.08084306755985e-09,0.051951050981847,0.501064449125347,1.2684013580422e-13,1.38699317498837e-27,8.84182664637966e-09,0.592167076239047
CIBERSORT,Monocytes,514,0.282041134912578,7.44541393133469e-11,0.420245554686797,2.06662847096914e-23,0.345650751379947,7.18422215923776e-16,0.364833575035017,1.00113600741525e-06,1.70806554895325e-10,1.61197020735593e-22,2.00131903007338e-15,5.57775775559923e-06
MCPcounter,Neutrophils,514,0.262515782471242,1.50838102313597e-09,0.0514418243854773,0.244343656001783,0.241070084471688,3.13094986309461e-08,0.115417297408876,0.13393382474263,3.26815888346128e-09,0.340335806573912,6.42668656108893e-08,0.193459969072688
CIBERSORT,Macrophages M2,514,0.248216695627708,1.17540985192372e-08,0.30523719830953,1.51790135224394e-12,0.230743237589065,1.22231490650255e-07,0.21434721192426,0.00500323965049068,2.41268338026448e-08,5.91981527375137e-12,2.38351406767996e-07,0.0130084230912758
CIBERSORT,Mast cells resting,514,0.228416312699491,1.64703311857808e-07,0.359139917039462,4.29843819678452e-17,0.262138252894472,1.59497408838177e-09,0.273277917555475,0.000311311427148628,3.21171458122726e-07,2.09548862093245e-16,3.65905820275817e-09,0.000933934281445884
MCPcounter,Fibroblasts,514,0.211493421201462,1.31121358370949e-06,0.0125477415049901,0.776567063423438,-0.134801683033151,0.00219338723918724,-0.0729152176831703,0.344688250261219,2.43511094117476e-06,0.865317584957545,0.0034216840931321,0.448094725339584
CIBERSORT,B cells naive,514,-0.204743477170648,2.8656063551678e-06,-0.197555392957531,6.405759290377e-06,-0.198050478942961,6.06610858243494e-06,-0.283450044774458,0.000179974252100601,5.07993853870655e-06,1.56140382702939e-05,9.85742644645677e-06,0.000638090530174858
CIBERSORT,T cells follicular helper,514,-0.136027947524781,0.00199593349054826,-0.283169664799393,6.21096241710734e-11,-0.0731114422832234,0.0977761193212731,-0.201681096692826,0.0083555029846158,0.00338440896223401,1.73019667333704e-10,0.123008666242892,0.0191685068470598
EPIC,CD8_Tcells,514,0.127549629067742,0.00377291722172506,0.00626306996056793,0.887357020465,0.392796685958021,2.07589999544618e-20,0.299327370178519,7.33158387367883e-05,0.00613099048530322,0.959902208016864,8.99556664693342e-20,0.000317701967859416
CIBERSORT,Mast cells activated,514,-0.121959975184175,0.00562918144489261,-0.083053367754702,0.059887946992853,-0.117224144754995,0.00780565897606566,-0.119271286340378,0.121341086214197,0.00878152305403247,0.0865048123230099,0.01087216785952,0.182011629321295
CIBERSORT,NK cells activated,514,-0.121284246361246,0.0059019490781735,-0.0213947500091586,0.628437677030605,-0.0381403948553679,0.388186222090445,-0.103202922324184,0.18048843987034,0.00885292361726024,0.742699072854351,0.420535073931315,0.251394612676545
CIBERSORT,Macrophages M0,514,-0.112255098104285,0.0108697861815809,-0.0348820222286385,0.430027301415945,-0.206680178693581,2.29581902308594e-06,-0.0397902665266907,0.606428630591146,0.0157008022622836,0.578312577766271,4.06986099547053e-06,0.695609311560432
CIBERSORT,T cells CD4 memory activated,514,0.111088381407232,0.0117281244434216,-0.190997702179485,1.3013664259871e-05,0.067389663313172,0.127048576494744,-0.0375089540989868,0.627236864828562,0.0163356019033372,2.81962725630538e-05,0.150148317675607,0.698921077951827
CIBERSORT,Dendritic cells activated,514,-0.109941003654773,0.0126301559336902,0.0996245760376462,0.0238978066673735,-0.0820126461860672,0.0631747942697026,-0.0590480402129077,0.444343155044669,0.0169853821177213,0.0372805784011027,0.0849592060868414,0.559012356346518
CIBERSORT,T cells CD8,514,0.0981478346901746,0.0260730145501417,-0.262964430267611,1.4114058550065e-09,0.131390177862975,0.0028402612755853,-0.00512380355328458,0.947128023293512,0.0338949189151843,3.66965522301691e-09,0.00426039191337796,0.972052444959131
EPIC,CAFs,514,0.0951526605040212,0.0310131602784834,0.00445391009167846,0.919763380195592,-0.36627328252388,9.17341672326149e-18,-0.145780853848876,0.057844772277109,0.0390165564793824,0.959902208016864,3.25239320188362e-17,0.0980846138611849
CIBERSORT,T cells gamma delta,514,0.0849453957468355,0.0542748610183279,0.0219839600307684,0.619007479143362,0.129097768643865,0.00336785310552228,0.162648857459929,0.0340763126236122,0.0661474868660871,0.742699072854351,0.00486467670797662,0.0699461153853093
CIBERSORT,Macrophages M1,514,0.0781991044112504,0.0765119633432545,-0.346434533986122,6.12228070685792e-16,0.0688470996747626,0.119014910440001,-0.0963617349078062,0.211283180730861,0.0904232294056644,2.6529883063051e-15,0.145049422098751,0.284139449948399
CIBERSORT,T cells CD4 memory resting,514,0.0575364071242985,0.192798888797621,0.0319595970774066,0.469683070162898,0.0603930001892147,0.171588128623143,0.155400700199469,0.0430176822099949,0.221151666561978,0.610587991211768,0.196821676950076,0.0838844803094901
CIBERSORT,Eosinophils,514,-0.0487752060548605,0.269690664202404,0.00123489108416933,0.977718965637833,-0.00852818825802954,0.847052808694225,0.00125682384254589,0.987022116654469,0.300512454396965,0.977718965637833,0.847052808694225,0.987022116654469
CIBERSORT,T cells regulatory (Tregs),514,-0.0211089230072589,0.633034284130745,-0.0199289497978113,0.652158716866117,-0.0387732929606731,0.380355703608039,-0.0568521324386999,0.461494599514111,0.68578714114164,0.748064410522898,0.420535073931315,0.562446543157823
CIBERSORT,NK cells resting,514,-0.0192331788221058,0.663544315780509,-0.191326773802308,1.25660354622664e-05,-0.0786513562181576,0.0748195575279518,-0.128674753860313,0.094466217748431,0.699411576092969,2.81962725630538e-05,0.0972654247863373,0.147367299687552
CIBERSORT,Neutrophils,514,0.0102244427873381,0.81712382153277,0.0259254745380154,0.557580723418811,-0.0156797100094996,0.72285934793513,-0.0143164818030496,0.852996573789746,0.838627079994159,0.701472523010763,0.741881962354476,0.8991044966973
EPIC,NKcells,514,0.00331886989729553,0.940166177617978,-0.102807500219689,0.0197368706377765,-0.201961669154375,3.92560191448574e-06,-0.231620184160787,0.00237274677652548,0.940166177617978,0.0320724147863868,6.65645542021496e-06,0.00660979459174955
